Date,NKY,SPX,USDJPY,VIX
2023-01-05,-0.03650763303648935,-1.171390238451922,0.5864237540801837,2.023905377192686
2023-01-06,-0.33130657362407967,2.258384117602654,-1.0020048425810442,-6.104211768233191
2023-01-10,1.6816953772279737,0.6186090701957372,0.13619856826957652,-2.637410122206186
2023-01-11,0.7065281331690286,1.2767544131228952,0.1662133957761417,2.447926408477984
2023-01-12,0.6153877210294351,0.34101315868827886,-2.4839826566150736,-11.334765182162224
2023-01-13,-0.50328244483378,0.3988850553225138,-1.0424053938378772,-2.582176816848157
2023-01-17,-1.8210966861990239,-0.20325261125498278,0.19530493298441184,5.357950734785151
2023-01-18,1.2875404183599672,-1.5685001660276408,0.5836365347234209,4.938030877198297
2023-01-19,1.09766860154594,-0.766766960752083,-0.357559650281672,0.8810629682154906
2023-01-20,-0.7351070970613505,1.8741671559172488,0.8915133274817185,-3.319601316936929
2023-01-23,2.0047677725790534,1.1811328415709266,0.8377253771884916,-0.20171464227399655
2023-01-24,1.0002556067479114,-0.07117296325210935,-0.3910897972029827,-3.127658167672371
2023-01-25,0.09369309957459566,-0.018174643434897733,-0.4312010993251323,-0.6269613013595485
2023-01-26,0.984106958478793,1.0947717569977038,0.47729112933138235,-1.8514149564143225
2023-01-27,-0.05915472339619267,0.24917027916841641,-0.2768593631879571,-1.1815389870590904
2023-01-30,-0.15923180965119757,-1.3053559781991078,0.45334128123609474,7.441663794828606
2023-01-31,0.2690939610234194,1.4536285322318165,-0.2686832307650712,-2.745469846440994
2023-02-01,0.09045908508387462,1.0398089735210483,-0.8956897190721399,-8.214973689794558
2023-02-02,-0.10826932521774212,1.4592431217642186,-0.21740826949930625,4.700318728466043
2023-02-03,0.004953677651380263,-1.0408643989373003,1.939865309930111,-2.1587454604383662
2023-02-06,1.1214595558221232,-0.6159416919169087,1.121988875669457,5.827920153773509
2023-02-07,-0.07119494672502394,1.2790383040919153,-1.2135150814333275,-4.0436067970150935
2023-02-08,-0.19539782433122135,-1.1142539811002887,0.2438839712001331,5.06768128691719
2023-02-09,-0.8608039423224672,-0.8869043032445952,0.1445251839439634,5.355766711912316
2023-02-10,0.9348446074212172,0.2192865258876484,-0.11408146653095926,-0.8729444376650566
2023-02-13,-0.5823228233571063,1.1383550959928976,0.75054368473613,-0.9297840410428365
2023-02-14,0.5611017527755153,-0.028041608128225107,0.5348210556019998,-7.289850795004778
2023-02-15,-0.06990257613489224,0.2769285655189374,0.748450466392096,-3.662229397979444
2023-02-16,-0.11308128148763044,-1.3884644172642286,-0.12684202409447917,10.112776327554887
2023-02-17,-0.6170570830022256,-0.27712852059047505,0.15666383897289832,-0.7464578079045993
2023-02-21,0.0054210707574117774,-2.0244784414123935,0.6242124749102625,13.309423414761534
2023-02-22,-0.8039920514799013,-0.15747857327715092,-0.06669384070255259,-2.5687860636912356
2023-02-24,-0.44575856776561507,-0.5278183961452281,1.1497768173567424,-2.820933184950971
2023-02-27,0.6536404174716539,0.3068304831168187,-0.19071376718657063,-3.379016918012105
2023-02-28,0.7024710827817047,-0.30405976856194583,0.0,-1.2004946096823375
2023-03-01,-0.5531100633219961,-0.473646161527038,-0.02937288903479449,-0.5813969865419845
2023-03-02,0.732775530197849,0.7553542016924832,0.43968999460364455,-4.930049844945412
2023-03-03,0.4287576380689566,1.6018800257414183,-0.6602621007944512,-5.778918655741601
2023-03-06,1.7866577760384053,0.06869235239955045,0.03679582041000396,0.6469025255125948
2023-03-07,0.07193415568527975,-1.5445639173959798,0.9009399888962429,5.132016130229009
2023-03-08,0.12267940120974655,0.14138210863556078,0.14573013363121046,-2.480747370426773
2023-03-09,1.4446860687940983,-1.8631872945282475,-0.8775835172725056,16.81805280376968
2023-03-10,-0.9216419164107638,-1.4583974750190178,-0.8557148704544955,9.245136688105813
2023-03-13,-1.7738751829210235,-0.15108816132590816,-1.342502263278398,6.705551214672526
2023-03-14,-1.5549399196697893,1.634238080137152,0.7778648047616875,-11.115909486998952
2023-03-15,-0.12496901546051917,-0.7005336398235208,-0.612811124856987,9.672663774840371
2023-03-16,-2.305558598838411,1.7409551286964526,0.23959280703743582,-12.840736942098586
2023-03-17,1.6123572235909558,-1.1080586449227314,-1.4538314896100004,10.40111933786299
2023-03-20,0.07891941746423389,0.8878824909597214,-0.3648806784884138,-5.478615205513849
2023-03-22,0.16285418510736188,-0.3701576380511189,0.09895338580988809,-8.149303425118278
2023-03-23,-0.23905627113777347,0.29800838470393864,-0.4804585028876926,1.5600940442479592
2023-03-24,0.4968729997799977,0.5623958124210314,-0.09177820911911296,-3.923840459681517
2023-03-27,0.41483343024150315,0.16455897389303137,0.6634914711911662,-5.386280589752779
2023-03-28,0.3321335923743636,-0.1575080840930101,-0.5334971879263406,-3.1059928367811716
2023-03-29,-0.08871040156935545,1.413686114588656,1.501734706695313,-4.349623980446854
2023-03-30,1.0059087376494693,0.5698994460609172,-0.14313159247971347,-0.5243850506011035
2023-03-31,0.6494986486506378,1.4333332809426855,0.10548524184874533,-1.6967533256703315
2023-04-03,0.6907023527974504,0.3692093649516912,-0.2865763650570669,-0.8053734807096714
2023-04-04,0.03750623966283234,-0.5813920385208212,-0.5452493629536738,2.396919011299618
2023-04-05,-0.36534458676175974,-0.24954291924703362,-0.28897358512150945,0.4201686853699977
2023-04-06,-1.874016471448147,0.3572739725370165,0.3421145998471171,-3.6290001405200485
2023-04-10,0.2511600906592525,0.09958450470119054,1.386817523316051,3.0508119331982915
2023-04-11,0.8545906687648942,-0.004137234502690973,0.03741814823826521,0.6829551105661417
2023-04-12,0.3222159256175727,-0.4143458650798345,-0.3973465512029505,-0.052369731492798194
2023-04-13,-0.11923808464450944,1.3175446748330009,-0.4215603954591059,-6.9966180439616705
2023-04-14,1.311314284481074,-0.2071498810492095,0.9086534189187632,-4.187592049169021
2023-04-17,0.761353622020862,0.33007789687629757,0.5144849733395642,-0.7054702979890038
2023-04-18,0.10349261319356315,0.08547842551524593,-0.2755540749339939,-0.7104825623744683
2023-04-19,0.18290753862435305,-0.008424204429116193,0.4464625319172683,-2.222981295379072
2023-04-20,-0.5179035408629881,-0.5970339945819703,-0.34210951111788573,4.223047966046039
2023-04-21,0.41550954369184756,0.0902785990925368,-0.059616962791149204,-2.357209907426683
2023-04-24,0.1441046078861202,0.0851212061223925,0.0521667858460012,0.7130154984591269
2023-04-25,0.23007358371478176,-1.5937145594967939,-0.3806969103518977,10.500521275836999
2023-04-26,-0.7667906659473289,-0.3848609877111783,-0.037401354365010936,0.425532557013827
2023-04-27,-0.48550662246055465,1.9377167380002114,0.2092676398979987,-10.100577447362
2023-04-28,1.2807972234481373,0.8219359612570367,1.7319654310861667,-7.623317925686887
2023-05-01,1.219252843298315,-0.038621384972729496,0.8766859188867151,1.883294833309196
2023-05-02,0.7568151302497932,-1.1653897528004022,-0.6934081284972842,10.04979663349383
2023-05-08,-0.6281556386370508,0.4490362002099014,-1.0677175179293212,-4.603804920255724
2023-05-09,-0.2575191873838266,-0.4589891663841041,0.09619298532995996,4.209327091154099
2023-05-10,0.5799015873748958,0.44738902330266894,-0.6455225531948153,-4.44517625708338
2023-05-11,-0.2697076430553112,-0.16980602174566783,0.14876527587411698,-0.059049307886443275
2023-05-12,0.30358405544594136,-0.15845521626198358,0.8658703495819702,0.5889298529552947
2023-05-15,1.1838833245950695,0.29538685652344837,0.2943126250702824,0.5270876038999079
2023-05-16,0.9799514473606697,-0.639813586199316,0.1908397525760169,4.956867724884546
2023-05-17,0.24913632783766093,1.182066016444788,0.9487737205109164,-6.427915140456468
2023-05-18,1.7237983302960669,0.9400774284705667,0.7525905700346966,-4.982804698185212
2023-05-19,1.353874063990501,-0.1446955746059144,-0.5494122111903796,4.62650978444992
2023-05-22,-0.3626000533264717,0.01550459714410593,0.470078609250785,2.351666280292387
2023-05-23,1.6457236010849419,-1.1285515564489972,-0.014431055656749818,7.390043007382039
2023-05-24,-1.668566092122104,-0.7345550785867145,0.6330045593629515,7.78401093804585
2023-05-25,-0.4220593416691341,0.8719564785563249,0.42216799132529287,-4.545076365291869
2023-05-26,1.0090986323843028,1.296458273531355,0.4061715064897613,-6.419027109052033
2023-05-30,0.9230435944206451,0.0016644929182328236,-0.5919920287978165,-2.7677564522831632
2023-05-31,-0.44704510342457204,-0.6127372232971846,-0.3224306881064213,2.712030621919403
2023-06-01,-0.5523793126380084,0.9806229149665344,-0.3954990234224458,-13.65619396444879
2023-06-02,1.3337769904381653,1.4429789652143659,0.825175995000226,-6.944938827187157
2023-06-05,1.7839511401348813,-0.20055732655681105,-0.2862460806660203,0.8864701760248249
2023-06-06,0.38917873625370786,0.23511165774900328,0.06447684430128398,-5.36901331403125
2023-06-07,1.9515796885271885,-0.3819275706767389,0.34317614290368864,-0.14336920018486968
2023-06-08,-2.297866706570458,0.616953524709693,-0.8601586973842313,-2.102288370140904
2023-06-09,0.15544198059508507,0.11474737636884458,0.30907481926750274,1.3100624045698057
2023-06-12,1.5068478058264185,0.9277902665684432,0.18642007262992583,8.187649996870372
2023-06-13,0.7892658594802671,0.6908664883365828,0.43601084047681776,-2.701041988276246
2023-06-14,2.0076910238621126,0.0819072069219616,-0.08562255250177193,-5.125727068394961
2023-06-15,0.4855067122911871,1.2104580063652604,0.1284063523557528,4.369969434787028
2023-06-16,-0.2826612323405774,-0.367837633765043,1.0989511144270554,-6.850038194239982
2023-06-20,-0.38872851668195346,-0.4746380368690653,-0.2683048986517265,2.48006875945297
2023-06-21,-0.20743137441878715,-0.5259081846186578,0.3106031016087766,-5.023212548633336
2023-06-22,0.712442523034111,0.3703885765053952,0.8631935417363451,-2.221462473377393
2023-06-23,0.06081048543385717,-0.7688274822307147,0.3975039231104917,4.023313023645232
2023-06-26,-2.454596339204019,-0.4496875789266097,-0.12535693542137616,5.852157161965612
2023-06-27,-0.05245335999465772,1.13906572305121,0.39642573737057785,-3.6445619920456203
2023-06-28,0.5436626479853405,-0.03540724651995093,0.2703360049319337,-2.2820276259057146
2023-06-29,1.5095270080438088,0.446355020531417,0.21436235432513692,0.8157256948982694
2023-06-30,-0.7185847310035441,1.2194363266362704,-0.31132198516387793,0.36859606789235555
2023-07-03,1.3493740016236262,0.11700018289601843,0.2353105106821233,-0.14727543162745405
2023-07-05,-1.057376189318197,-0.19702536362673942,-0.01382647772683691,4.397104725720353
2023-07-06,-0.3221217744512079,-0.7954065287478301,-0.40180171826494254,8.512902349264875
2023-07-07,-1.8555528761666908,-0.28692926136023467,-1.3909985577231152,-4.03093884467893
2023-07-10,-0.17636150342362245,0.24022317330228152,-0.536383528933081,1.6053856488563474
2023-07-11,0.12713618471132532,0.6719588071620385,-0.6674265048420189,-1.5379774899169734
2023-07-12,-0.4778520071453648,0.7383817501052891,-1.3411467918841478,-9.167797025510549
2023-07-13,-0.5404906449947824,0.8434509266769535,-0.33992727919062743,0.5156549179245797
2023-07-14,1.4896567932156624,-0.10249061954501162,0.5058545257147223,-2.003777617589701
2023-07-18,-0.4019371672248009,1.0940023463512043,0.057649349438379155,-0.30030052597695456
2023-07-19,1.0883591518848241,0.23550834835142126,0.6176405730661985,3.400179727748938
2023-07-20,-0.02746293549709345,-0.6779806181851591,0.2859800333275503,1.6576956172192174
2023-07-21,-1.4322888268817133,0.03241023001049327,1.2204792098511117,-2.82729959353835
2023-07-24,0.9580130206690349,0.40259740353417467,-0.24714908601331675,2.253821319334535
2023-07-25,0.17520098652439825,0.28107581456501535,-0.3825179984698758,-0.3601012173594454
2023-07-26,-0.0013147766370486607,-0.015545953102232802,-0.4909120171594337,-4.954802703253395
2023-07-27,-0.5558001480631786,-0.6445427491141288,-0.5506897521274833,8.84634432822076
2023-07-28,-0.24402753700966257,0.9829414508767577,1.2188753487732846,-7.790527582081341
2023-07-31,2.087542875699237,0.1467639686456588,0.7973792380756035,2.225611151782399
2023-08-01,0.4922539122700468,-0.2668649552448092,0.728294535649846,2.177154208327296
2023-08-02,-0.5094911408018596,-1.3936235197657028,0.0,14.415317321257747
2023-08-03,-2.2818753477490663,-0.2551225527671505,-0.5457230363028392,-1.0621780588054892
2023-08-04,-1.1081424015743417,-0.5314091027456737,-0.5557719465863168,7.150228309237723
2023-08-07,-0.30584784573203316,0.8983583955258645,0.5206879199836144,-8.09690625336672
2023-08-08,1.5829857858148766,-0.4227192022498048,0.6156879450479184,1.3854125870915812
2023-08-09,-0.2602471206142952,-0.7063636404007057,0.24382609871413685,-0.18779348242000976
2023-08-10,-1.0265730214962057,0.025065629558288106,0.7002975404195064,-0.6916091698373156
2023-08-14,1.3672981072516739,0.46637096100234576,0.5581025269427143,-6.7191880455348745
2023-08-15,-0.2597285864885459,-1.1618060736365814,0.020610765762903258,10.495557538098286
2023-08-16,-1.2650524772916398,-0.7584130338210396,0.5343942561325395,1.9254505790136303
2023-08-17,-1.080725048331077,-0.7742762356125065,-0.35594534124208926,6.405419648156759
2023-08-18,-0.9555348218229346,-0.01487402277551532,-0.3159343287240353,-3.353539601689448
2023-08-21,0.7366817514071531,0.6855621481266927,0.5488111462967732,-0.9875189167704859
2023-08-22,0.7569640591213377,-0.27812820922299764,-0.1985961960721769,-0.9384233089893593
2023-08-23,-0.23520527368787195,1.098433903027149,-0.7223725127714428,-6.010913890800619
2023-08-24,1.2924851681415785,-1.3549420207499292,0.7155173285356783,7.357144348127877
2023-08-25,-0.905441627850146,0.6695523315478111,0.36950911072687836,-9.252336889714552
2023-08-28,0.23454841069026583,0.6245056511156882,0.08875235264268863,-3.9016652342451734
2023-08-29,1.136807616172963,1.440410798415081,-0.4582614633695809,-4.267494802136891
2023-08-30,0.47093800994551005,0.38258021699069605,0.2533293607718125,-4.0245459479782655
2023-08-31,-0.2220269248783967,-0.15982216816604763,-0.4866856780605028,-2.2587481231880675
2023-09-01,0.4936034818903778,0.17975431036151848,0.4798473698552873,-3.601289392496923
2023-09-05,1.283988202557699,-0.42030108696102647,1.0070167428720906,6.792278042710702
2023-09-06,0.5257634869470549,-0.6995992744252874,-0.04062838625767453,3.09230542095254
2023-09-07,0.010538456240670381,-0.3216468205008196,-0.2441175688480116,-0.34662079764861725
2023-09-08,-0.6127091560284227,0.14255841976643818,0.3524232722529904,-3.9665256392431516
2023-09-11,-0.6880717392379535,0.6701012782986727,-0.8356310726277287,-0.2894358026364415
2023-09-12,-0.18793723200316662,-0.5712155841120605,0.3405301935367076,3.0683819938601995
2023-09-13,0.34611474255842956,0.12408533465711885,0.251247882821383,-5.414530661760004
2023-09-14,0.558113388768245,0.8394550741111827,0.013563000156419227,-5.020065399163696
2023-09-15,1.5158386264714636,-1.2234084667107636,0.23705520938911373,7.293724031268635
2023-09-19,-0.3962857306642221,-0.14323831161234918,0.027056277221339457,2.2940074059512288
2023-09-20,-0.10481151265749472,-0.9439204623110126,0.3173641206567012,7.045648214458013
2023-09-21,-1.197076126351925,-1.6536873951468019,-0.5069119705300437,14.714373893473425
2023-09-22,-2.0790580459250254,-0.22982509659402744,0.5338752332481711,-1.9574603124629637
2023-09-25,1.0136304772587386,0.4015021275818627,0.34314583712930363,-1.7595761890379602
2023-09-26,0.37690366701495,-1.4844128717961365,0.1141207790085298,11.396246582890447
2023-09-27,-1.9074113206157435,0.022929233000634007,0.3883760071247348,-3.8756195926120007
2023-09-28,0.29933261871881295,0.587577688747319,-0.22748571298292614,-4.950392047941636
2023-09-29,-0.3141041726054071,-0.2713168675515421,0.04018215966200626,1.0327114155849524
2023-10-02,0.25991657569210624,0.007928697692236147,0.334224910055338,0.5123836999869467
2023-10-03,-1.5508094987539902,-1.3839410161483796,-0.5554268637090622,11.620440368645149
2023-10-04,-2.7030648655776766,0.8077093787000134,0.06708258116995448,-6.258559280887373
2023-10-05,-0.10205097970676026,-0.13048673867472557,-0.4166392694526739,-0.4855687986659007
2023-10-06,0.8756470193837012,1.1745628333713316,0.5506695803628745,-5.789039675059722
2023-10-10,0.9972062118229781,1.1478490441931937,-0.41608005802737136,-2.4363153973839164
2023-10-11,1.685964822630931,0.4283828654568987,0.30216574946481795,-5.677853367030519
2023-10-12,0.8561827838266848,-0.6265948885271602,0.4348560122361591,3.6611776669451874
2023-10-13,0.6437637643353438,-0.5031477449688668,-0.16702860071620956,14.633109111062817
2023-10-16,-1.0740029248906495,1.0538619453747615,-0.03343922452159601,-11.565021856092388
2023-10-17,0.25215937396733973,-0.009832133477993887,0.20046782523781623,3.819215952191994
2023-10-18,-0.0935448509341978,-1.3490386223826192,0.08007474069927413,7.226863379677837
2023-10-19,-1.4282464990131627,-0.8519009694152467,-0.09342676688909665,10.743951848565935
2023-10-20,-1.321730188620953,-1.266518618575799,0.04005073146121138,1.438206186239474
2023-10-23,-0.04143340377875221,-0.16869643388467898,-0.09347667102505204,-6.370975365148605
2023-10-24,0.016145342785770986,0.7239491399759402,0.14018225986407407,-7.120444629179171
2023-10-25,0.4659025980074756,-1.4443397939346891,0.19992009857399137,6.2328648377823495
2023-10-26,-1.2847608203330343,-1.1903071819740902,0.11311089399175817,2.3979617315482167
2023-10-27,-0.6138938413663767,-0.4811871761208667,-0.5200358409503938,2.813057957191744
2023-10-30,-0.16393694691040983,1.193854494797033,-0.33478437696840924,-7.414413786501495
2023-10-31,0.1026101796658038,0.6454089207465981,1.7089886292612821,-8.503404666014028
2023-11-01,1.98780280312565,1.0451180679737282,-0.47584519104577433,-7.258254812911362
2023-11-02,2.1353695745620946,1.8682956430735829,-0.3384322550712078,-7.442720599521997
2023-11-06,1.4395516964782133,1.1101295984240218,-0.24624816942374153,-5.041984386673943
2023-11-07,0.31060325799036936,0.2836115693239983,0.1797543841424721,-0.5387218416210156
2023-11-08,-0.2908522409105608,0.10044332873557552,0.418174583032176,-2.460821372126634
2023-11-09,-0.4348690777305378,-0.8116762182437999,0.2447819686730804,5.650460538252977
2023-11-10,0.5395982672205205,1.5495728650985885,0.10566636830483957,-7.607196623838183
2023-11-13,1.0011201462820938,-0.08360910851978613,0.13851788105775206,4.079376546973743
2023-11-14,-0.1757889375694518,1.8895282757298077,-0.8805379810120558,-4.149973090675273
2023-11-15,1.0681289938120633,0.15958076771483445,0.6429611517846835,0.14114328384078084
2023-11-16,0.8638507890828401,0.11896413835666805,-0.42375750361425824,0.98246404285181
2023-11-17,-0.16402868096083692,0.12812755985166718,-0.7258713987326153,-3.6988569369340536
2023-11-20,0.6420220882723502,0.7363133890926982,-0.8456993822868751,-2.8667894869571913
2023-11-21,-0.3177605987253266,-0.20229887908321686,0.020219039664475365,-0.4484312447328687
2023-11-22,-0.8108557315019181,0.4052866464977724,0.7653098577717432,-3.8172573505029708
2023-11-24,1.7003760985583969,0.059675559803246875,-0.06020671152198118,-3.0820297981921607
2023-11-27,-0.12457370254253111,-0.19561422168003026,-0.5165889855273117,1.8290768366989014
2023-11-28,-0.5641508798143452,0.09796471418229004,-0.8036511259315623,0.0
2023-11-29,-0.8266676119036979,-0.0946683767425388,-0.1628664855123229,2.259542954964778
2023-11-30,0.04724487442656205,0.37769911916856064,0.6431325691266637,-0.4633212921488143
2023-12-01,0.8302743691729777,0.5856541700615294,-0.9356000450718096,-2.2701561992055974
2023-12-04,-0.6562534256262509,-0.5423166555119596,0.26529725434067725,3.50094096666528
2023-12-05,-0.8914379028470618,-0.05691170958779145,-0.033973161529395175,-1.7740534687823863
2023-12-06,-0.283421441463296,-0.3913779111384419,0.10867351473651315,0.9295186987123677
2023-12-07,0.7165513366859594,0.7936610413312938,-2.189292394695445,0.691512551993252
2023-12-08,-1.719010692886902,0.4087074621006593,0.5604581354532545,-5.589806077429891
2023-12-11,0.19802180848828588,0.3916851675081129,0.8451044835326118,2.241887328841357
2023-12-12,1.3457449972648128,0.45887580600857375,-0.5007040880132443,-4.53519012529596
2023-12-13,-0.40610747642190964,1.3558420429298217,-1.7689754061429985,0.9892908383739932
2023-12-14,0.17825719047894817,0.2643573374260931,-0.7093971804294694,2.351141944810161
2023-12-15,-0.8260517788889393,-0.007628136810104926,0.19716927731147138,-1.6155440222285256
2023-12-18,0.026461247779334666,0.4518097487249544,0.41419554459126,2.254523832105622
2023-12-19,0.01519602880038583,0.5849255234901429,0.7537724131426673,-0.23913921320757675
2023-12-20,2.0927514689660685,-1.479314417451996,-0.18094513949414437,8.70778818278814
2023-12-21,-0.570868231792392,1.0248790092494071,-1.0222031176351585,-0.14641291048894242
2023-12-22,-0.056692172648208215,0.16587067997896168,0.21791861282814415,-4.6485130494215054
2023-12-26,0.11338225741254082,0.42227363999498385,-0.02106815556091492,-0.3074560454245461
2023-12-27,0.7101475107731374,0.1429419277681746,-0.38703823692108724,-4.406692515988841
2023-12-28,-0.16564586858504102,0.03701020331993755,-0.31071277027672334,0.3212854169325343
2023-12-29,-0.056262607721660286,-0.2830472999854748,-0.2336697823715929,-0.16051367812285447
2024-01-04,-0.7969532526779461,-1.715957190180955,2.4924280966772616,12.657957378571961
2024-01-05,0.6141129069945603,0.1824009233674846,0.020741867533837128,-5.678381185017764
2024-01-09,0.9159504801759437,1.253700148035649,-0.12451578808541329,-4.520110692961475
2024-01-10,0.5665598408262532,0.5649939819610993,0.868372100431523,-0.5500996190347586
2024-01-11,2.8358252690349515,-0.0671289036040164,-0.3092679692622052,-1.9897194415262938
2024-01-12,2.0726983469300166,0.07507264519410599,-0.26190655263464685,2.0684906153512106
2024-01-16,0.8601544974278577,-0.37382986232446963,1.5612478171816329,8.596095672497805
2024-01-17,-0.1644942119293426,-0.5632727126755614,0.6568946521121235,6.638832653318481
2024-01-18,-1.3449244676409078,0.8766724739532072,0.0,-4.565108002627221
2024-01-19,1.5220051909679277,1.2238283870230153,-0.00675014344312624,-6.053616146872801
2024-01-22,1.0535798438593675,0.21918970535104104,-0.03375755357311069,-0.8305068498484957
2024-01-23,0.8537845041325517,0.2917131506229948,0.18215555719781623,-4.973830115143018
2024-01-24,-0.5194136761796421,0.0811659168275874,-0.5813576841515629,4.59403474786716
2024-01-25,-0.5576865510325951,0.5246506091991603,0.10164324100572544,2.3318092991383628
2024-01-26,-0.5819768077179689,-0.0652009756234213,0.34481627079374655,-1.4227121290131575
2024-01-29,-0.525529254354853,0.7528373761456544,-0.453239402645825,2.5317807984289784
2024-01-30,1.0619321070474608,-0.06008383499372603,0.07455352949611398,-2.1554160334985983
2024-01-31,-1.21489305108218,-1.6236787963987382,-0.4889985294191792,7.523430979860975
2024-02-01,0.6939321635714207,1.2416277903485802,-0.3136722653683777,-3.330098712697155
2024-02-02,0.6682417469344379,1.0627786351803241,1.3229949744205713,-0.21637224453110304
2024-02-05,0.4660846785643363,-0.31914641356150353,0.2019930662556997,-1.3081581897489276
2024-02-06,-0.46859505559412284,0.23077617284261595,-0.49222984655378094,-4.564952688757313
2024-02-07,-0.6812011105534999,0.820766692133105,0.1620964828789227,-1.7767945220739976
2024-02-08,0.70812230773842,0.057040100736248746,0.7596930550061712,-0.3122563036793828
2024-02-09,1.794667807397468,0.5725975590860193,-0.006697699342772732,1.08865771930149
2024-02-13,0.8978025296618172,-1.4718024988767666,0.9930435832559372,20.36193075395235
2024-02-14,1.2393498496930226,0.9534129096895501,-0.15928854499612694,-9.733114803038895
2024-02-15,0.8053844700212713,0.5804399991794575,-0.42601409035196436,-2.606699194398505
2024-02-16,1.305404817098833,-0.4815012341991563,0.19992009857399137,1.628354563491405
2024-02-20,-0.018175270413667215,-0.6023414477222352,-0.1465689802694991,7.961046215135369
2024-02-21,-0.8302271583367579,0.12633935945864821,0.19315954985000328,-0.5201572196073284
2024-02-22,0.8242545626812493,2.0902891694828023,0.15293064585030924,-5.356032383373687
2024-02-26,2.088174213230854,-0.3446052072376004,0.11952192657918875,-5.659218531116996
2024-02-27,-0.15235156498424254,0.1704818544289236,-0.12616622411326353,-2.2820276259057146
2024-02-28,-0.1824347223643579,-0.1659450476103029,0.11289306242665165,3.007193965437733
2024-02-29,-0.6494507609707336,0.5215420393340162,-0.4590062939953764,-3.2308243232657774
2024-03-01,0.8163726168586969,0.7975925057791697,0.08664067988415296,-2.187940918125724
2024-03-04,2.3839848225276032,-0.11939974324694175,0.2661168492186411,2.857337244405616
2024-03-05,-0.7992451467970847,-1.0245348981574391,-0.3127601950584657,6.943754651095416
2024-03-06,-0.22431389239209362,0.5127959537251652,-0.44754758914854503,0.276243269591008
2024-03-07,1.3446706334531366,1.0251382881397442,-0.9011493396800327,-0.41465159618485775
2024-03-08,-1.3014807252003862,-0.654993806564546,-0.6506292013178471,2.0562753296510503
2024-03-11,-1.4610775628897787,-0.11228682551799476,-0.08843237200909337,3.2045465672349303
2024-03-12,-1.9607454340369,1.1139497364012345,0.5023430562410636,-9.504740224401631
2024-03-13,1.5208790883280705,-0.1926391571868686,0.04062013460496372,-0.6524126076943239
2024-03-14,-1.205964055419869,-0.2875205915668605,0.3918129716953135,4.618938246937471
2024-03-15,-0.11296361618670647,-0.650399611692649,0.47084233080365007,0.06942034294756703
2024-03-18,1.065252047938411,0.6298168875158858,0.08049369900671076,-0.5567168171350217
2024-03-19,1.6838268648128638,0.5633283131890101,1.140050348942143,-3.6238423500556687
2024-03-21,2.2187960862878366,1.2096070340478848,0.5025468488420372,-6.734031998506803
2024-03-22,1.0590805967853587,-0.1403246406415159,-0.1254001418329855,1.0777625493829335
2024-03-25,-0.3521333718810197,-0.3059595569942154,-0.006604365487981734,0.9904842880938223
2024-03-26,-1.1188128140424112,-0.2803748225257545,0.09242144835316016,0.3783583779638891
2024-03-27,0.425737213937287,0.8593565940707956,-0.15188037389838113,-3.53611015594735
2024-03-28,-0.47685941172833435,0.11158887706710922,0.03303710096453181,1.7836843575025088
2024-04-01,0.7960411115848575,-0.20155996658250933,0.1716172038374092,4.802122910655488
2024-04-02,-1.872705952360093,-0.7265395734467365,-0.052773930903558884,6.796670413163936
2024-04-03,-0.9795747675199526,0.10904938060488178,0.08574350028995828,-1.9350983922527618
2024-04-04,1.0691252322061822,-1.2410983057457463,-0.23101558077767995,13.187265550318191
2024-04-05,-1.7455978286376301,1.1038072569656416,0.18485513945555176,-1.9765930721800777
2024-04-08,0.3932123561055167,-0.03747574930495873,0.11865525452773927,-5.382465001378022
2024-04-09,0.2661211451345225,0.14444457627020377,-0.013176966681333847,-1.3921338518608006
2024-04-10,0.21593528210134158,-0.9501978333887354,0.918219870450798,5.32939619438477
2024-04-11,-1.249873115002117,0.7417237205872028,0.06526563343537412,-5.797781125627415
2024-04-12,1.602161846884452,-1.465760702944856,0.006524221173412406,14.925224041147079
2024-04-15,-1.6885368546378738,-1.2094130563305876,0.6437999801297806,10.518719041257064
2024-04-16,-0.7872279356953835,-0.20586901863485071,0.28480827071290127,-4.412089498574847
2024-04-17,-0.42204335983238694,-0.5797336366096615,-0.2135301209269522,-1.0379770875423204
2024-04-18,-2.207353604009787,-0.2210632863926085,0.16180709656312858,-1.1599135843351918
2024-04-19,-0.054512081791372215,-0.8797102336546191,0.0,3.8686382389833502
2024-04-22,-1.2900530271929185,0.8693327734887766,0.13571592221082818,-9.938045106208994
2024-04-23,1.4822896578719804,1.1893624576650832,-0.012917393288011038,-7.665412247896727
2024-04-24,0.19786185679427304,0.021297196541228136,0.33531112149339354,1.7688395481979904
2024-04-25,0.5109190557327061,-0.4586941901457446,0.19936338961158434,-3.829440467641671
2024-04-26,-0.8979956776226671,1.0157373516560253,1.7071565625725684,-2.23693537856214
2024-04-30,1.5441215698458812,-1.2682139065968099,-0.3353054101568905,4.042271322127908
2024-05-01,-0.5372425707936516,-0.34413923648739225,-2.1328505685614294,-1.6752969135374405
2024-05-02,-0.27162836878161895,0.9087013401337432,-0.5452788583591117,-4.723192466441839
2024-05-07,1.6498756821869833,2.409426049772629,0.6876000106004989,-10.399904505950513
2024-05-08,0.10694081506745609,-0.000578292629562257,0.5093991735448901,-1.753762066532759
2024-05-09,-1.1301400346637054,0.5078002595891349,-0.012864218194865527,-2.4135075735240448
2024-05-10,0.3103467016795674,0.16480214063461682,0.167105894018134,-1.1093616148503305
2024-05-13,-0.39225159796323195,-0.02412845541718278,0.3077714663330488,8.034912716421337
2024-05-14,0.1996873849810176,0.4826100061719822,0.14074597678797698,-1.3323661198470542
2024-05-15,0.6381082683789361,1.1647879688045932,-0.9958641845382254,-7.502550863281911
2024-05-16,0.29248890849698816,-0.208387430730016,0.3287674194191708,-0.24125464053838783
2024-05-17,-0.2199801423313432,0.11641104408194052,0.17361673653425064,-3.5235107465909756
2024-05-20,0.5190463363477396,0.09159960683443537,0.378338968080645,1.3256200747134628
2024-05-21,1.2063914912386406,0.2498698327390512,-0.057620283933589596,-2.4157776216978117
2024-05-22,-1.0460524662346964,-0.2709717683547033,0.39626793513522157,3.5614530008363983
2024-05-23,-0.05353804678461914,-0.740817678564494,0.10200829701896849,3.8312746466504524
2024-05-24,-0.7686061072461259,0.6976578915071976,0.038226300159675854,-6.804243393462311
2024-05-28,0.9643264807139275,0.024880404548013994,0.1082285638032789,7.972026224463108
2024-05-29,0.003472237851212251,-0.7394346936505546,0.2795782733519671,10.008345855698243
2024-05-30,-1.9943443012641922,-0.5992916722542297,-0.5025296030838555,1.3217583731954339
2024-05-31,0.158482606445973,0.7995864911522231,0.31834994414732243,-11.33010422889367
2024-06-03,1.4608070617108404,0.11154342969859782,-0.7721553313027062,1.459879942115263
2024-06-04,-0.08370623038633712,0.15016920495655547,-0.7910772193303294,0.38066281215627673
2024-06-05,-0.12526400474083635,1.1778026448059027,0.7910772193303358,-4.11069895347714
2024-06-06,0.4840791044185339,-0.01998694317565987,-0.3208215777095098,-0.39666850901053624
2024-06-07,-0.630457899989902,-0.11158931807150971,0.7044537617683793,-2.9034297528845148
2024-06-10,0.23866795186310596,0.25775665246065954,0.2040036408134425,4.167269640056808
2024-06-11,1.2478366281648787,0.2706754843457336,0.03183800848314085,0.8597161197211519
2024-06-12,-0.7955886565636776,0.8467727171882782,-0.22946023198161908,-6.510937146055381
2024-06-13,0.8121026791631516,0.2341828672305396,0.19762222349849207,-0.834033191621895
2024-06-14,-1.5288785094478683,-0.03939131270021622,0.2226534842663574,5.8553308751574145
2024-06-17,-0.3806125831675963,0.7635185920104081,0.2158182886693356,0.7083854888405042
2024-06-18,-0.019512332246091852,0.25181897678469145,0.08873115045342005,-3.593200922606332
2024-06-20,-0.06027812445833881,-0.2529152276068834,0.6629858538669803,7.665988166991592
2024-06-21,0.515043015230181,-0.1563387437769191,0.5585379608626714,-0.6042314455962586
2024-06-24,-0.2885377577915731,-0.3069879221800406,-0.12524267402020686,0.9800304598292277
2024-06-25,0.8702350444602467,0.392593090057643,0.06264094416806838,-3.745183592880223
2024-06-26,1.3576661222254736,0.15711783413408376,0.6864729903544394,-2.2844632684022197
2024-06-27,0.1770069193818915,0.09068706560974762,-0.031101297174770434,-2.5011388493612867
2024-06-28,0.4012280606355713,-0.4091988512145809,0.055975372298365314,1.6207810226853303
2024-07-01,0.6214327105614991,0.2672015942936098,0.384759069672797,-1.7843133567584053
2024-07-02,-0.7462801109599374,0.6176219776783534,-0.0061940598985325375,-1.5670423756861844
2024-07-03,1.7105213075388468,0.5071516198197267,0.1485516490066831,0.4975134640113929
2024-07-05,1.9291006732734575,0.5433988413197175,-0.5955352588686628,3.174869831458027
2024-07-08,-0.3571899122705255,0.10161544279964853,0.05598233592542688,-0.8853176536885156
2024-07-09,0.2206644905686433,0.07408185037586473,0.31044356237632104,1.1254138074423334
2024-07-10,1.1916001794275004,1.0156283642139425,0.22292411238185555,2.6815486862408937
2024-07-11,2.146904111705732,-0.8801629230176651,-1.7911671800479538,0.5432687013226967
2024-07-12,-1.6066034777983655,0.5501853628775982,-0.5746960779238184,-3.6252984995148676
2024-07-16,-0.7275702244188703,0.9191249322084492,0.28460317094906096,5.6935453369916
2024-07-17,0.11932407320061143,-1.4025410555021933,-1.386349707850539,9.33094202283471
2024-07-18,-2.183374586450966,-0.784708046968273,0.7718597947990768,9.543573696438676
2024-07-19,-1.3811039129628015,-0.7165907407029404,0.07622435737163687,3.636764417087479
2024-07-22,-0.04494839894453078,1.073418916597496,-0.3116158838181309,-10.253963931618491
2024-07-23,-0.2101438100336049,-0.15593317997995004,-0.9085736569679993,-1.282501547591688
2024-07-24,-1.3316976436051136,-2.3421178443889508,-1.1051978709341246,20.33844013337473
2024-07-25,-2.0872326962568546,-0.5155950404248442,0.038986355269632976,2.3014714440228636
2024-07-26,-1.9166154758923915,1.1029442312488889,-0.13651879253399699,-11.89348363189678
2024-07-29,0.9120066521625043,0.08129903108684501,0.188476967373088,1.2731302606759223
2024-07-30,0.2676863890597504,-0.49724964337360245,-0.8149473013058709,6.3596812809196335
2024-07-31,-0.2633602160664434,1.567000529191805,-1.8366110484072138,-7.816017699709299
2024-08-01,1.6661087179850285,-1.3788191433053192,-0.4142452639776041,12.778447055875175
2024-08-02,-3.5093852314090457,-1.8552885294602866,-1.9061070501649462,22.968477886273504
2024-08-05,-6.040365054734146,-3.042704549688219,-1.6305269908005398,50.01661916240487
2024-08-06,-9.42978229569672,1.0300905557719546,0.09013069560128885,-33.068141334524924
2024-08-07,6.18030447039909,-0.7764756389251183,1.642705071984613,0.5039607498405915
2024-08-08,1.5223622720491203,2.2781128575607585,0.4014020425150925,-15.756764205842675
2024-08-09,1.792286985058463,0.4660780212150723,-0.455953697464915,-15.520209407615178
2024-08-13,0.6168221773407412,1.6750263362444715,0.14313467324619628,-11.70469296238811
2024-08-14,2.9019818560196096,0.3816476067632372,0.33318631442116853,-11.262253292528944
2024-08-15,-0.42294726844596864,1.6004444012785934,1.32175368183015,-6.112660078247332
2024-08-16,2.506783446531588,0.19878411263283946,-1.1386345014927712,-2.8639986137001063
2024-08-19,1.48689646116729,0.9675327436177775,-0.6867271591011401,-1.018684530699313
2024-08-20,-0.04202790096311426,-0.1986548174716506,-0.90467343071886,8.062012035591335
2024-08-21,-0.5152512969056243,0.4230718284184624,0.0068844446001488785,2.4262465411956704
2024-08-22,1.0053050084464936,-0.8972949425464468,0.6860619664782993,7.573102868092841
2024-08-23,0.6405308829773146,1.1417986208502449,-1.3006411201081824,-10.125373370517291
2024-08-26,-0.31862564584891767,-0.3158706615574787,0.1038457637716274,1.811983346196358
2024-08-27,-0.23641256036192598,0.15939320118754585,-0.3951889221254734,-4.560638329359605
2024-08-28,0.4065405927925963,-0.5993966945423386,0.42978022621662254,10.334942152903263
2024-08-29,-0.26572777729744135,-0.003934142455813639,0.283198255238072,-8.91921709179398
2024-08-30,0.7008185609415789,1.0042467382856683,0.8106110197019702,-4.242071588395214
2024-09-03,0.9275377710655391,-2.137801245458143,-0.47320322843806273,32.304921628907216
2024-09-04,-1.8385458713991574,-0.16037653903594354,-1.2033340222230202,2.854618190636153
2024-09-05,-4.033095331826779,-0.30226412501879546,-0.2019710266262904,-6.892586756719718
2024-09-06,0.7600452395156632,-1.7410901670867562,-0.8190168633801707,11.744797115333244
2024-09-09,-2.779492079466646,1.1513555690021489,0.6306074709160367,-14.03206328193239
2024-09-10,1.6076933214907372,0.4462660724490219,-0.5182084425741177,-1.9206404044314844
2024-09-11,-0.983823394966099,1.0608580303038784,-0.05618372224482888,-7.56411578484464
2024-09-12,0.43126530516610473,0.746737294203047,-0.39417239745800403,-3.56769713653447
2024-09-13,1.9072941282028841,0.5393096878371416,-0.6864610658479451,-3.033238784923573
2024-09-17,-0.7633772367487819,0.15203455675247715,1.1157519886888254,6.14767735510011
2024-09-18,-0.1528135664631217,-0.29006031263851695,-0.09133383147997119,3.460166618245692
2024-09-19,1.1234460545136853,1.6834291247586946,0.24570899370819008,-11.006468170819812
2024-09-20,2.0225938239708077,-0.1942855451501775,0.900435358192464,-1.108385731370822
2024-09-24,1.2052261820702623,0.5313300617352644,-0.4876019691471005,-4.820210181787751
2024-09-25,-0.5885823516880618,-0.18629115860669923,1.0696031962493473,0.1298701481236414
2024-09-26,0.838274552718058,0.4030480802872329,0.034536349851138265,-0.2599091781519984
2024-09-27,2.1751535369183768,-0.12539688882457198,-1.8189288543332967,9.84400728132527
2024-09-30,0.024441970256988705,0.4227593432856073,1.0006731273888432,-1.3654115365024484
2024-10-01,-2.2893218713324277,-0.9367852083837027,-0.04178564027649323,14.082689137124696
2024-10-02,-0.25211922898304884,0.01383744853669804,1.9999287353517172,-1.8868484304382915
2024-10-03,0.8432156722663906,-0.16828115331257495,0.31358673185426356,8.077504018521163
2024-10-04,0.35196196525713164,0.8930275984437889,1.210987974912587,-6.450598547034299
2024-10-07,1.6578857306588135,-0.9632284107421168,-0.35703497120814176,16.42872765545168
2024-10-08,-0.5591301675509128,0.9642716894192713,0.006748321357624552,-5.5393188315379405
2024-10-09,0.9294180079057295,0.7088203896394327,0.7395488863411639,-2.6491615446976455
2024-10-10,0.4820345982170865,-0.20722279710146596,-0.4901806021048363,0.3350086885282027
2024-10-11,0.15419253535997227,0.6033611862785232,0.38294917302404474,-2.2711775934427845
2024-10-15,1.0297764235192564,0.003955189424004288,0.04022526200658733,0.8759180089881554
2024-10-16,-1.7240620876164952,0.46681557065759915,0.2878085049502001,-5.2722303510997754
2024-10-17,-0.25134048915321877,-0.017117513483320915,0.3868992885775433,-2.429687885018259
2024-10-18,-0.4373618841309282,0.3963737043124536,-0.45375761827267985,-5.817472103695569
2024-10-21,-0.3389253093221296,-0.18244427413090425,0.8723211632853566,1.8681862011808361
2024-10-22,-0.06829812137549386,-0.04750033835055116,0.15237341051408265,-0.9297305144284741
2024-10-23,-1.387100726608024,-0.9233777411953054,1.1125489166402684,5.556985115481079
2024-10-24,-1.5557951555156222,0.21434831869283494,-0.6106989463082565,-0.8350779217419964
2024-10-25,0.39667789177716256,-0.029953572187414155,0.3156651312494002,6.345696162011491
2024-10-28,-0.519940156487084,0.2647951449370799,0.6414054321434317,-2.6415689939765548
2024-10-29,2.009316147234139,0.16128426925638534,0.04565763377101506,-2.350644767534132
2024-10-30,1.4907166281729174,-0.33056916281390036,0.039118529642158985,5.09054218634558
2024-10-31,0.19628886841763232,-1.879018259951983,-0.9036206063937445,12.934574081619035
2024-11-01,-1.7388044063366654,0.40842263302362364,0.622932410097532,-5.6853675151014045
2024-11-05,-0.5994659425438744,0.9374992653236498,-0.906172068544866,-6.563601530297214
2024-11-06,1.0493107715989853,2.4981233838896526,1.9789693279067877,-23.06140410198619
2024-11-07,2.7220163685040117,0.7403744412989464,-1.1054866127307101,-6.802749337871569
2024-11-08,0.09611627639842335,0.3749803869799434,-0.19636084330013887,-1.7253248147559452
2024-11-11,-0.92484736996401,0.09685844338363746,0.7051018309810135,0.2006018726865766
2024-11-12,0.570631521922762,-0.28968743715661893,0.5773425916480786,-1.752066381819082
2024-11-13,-0.824802772868713,0.02322595101076364,0.5483000351441304,-4.80426530069022
2024-11-14,-1.0382795467914607,-0.6068115029117461,0.5133152111748114,2.0473711961915644
2024-11-15,-0.41586140905552443,-1.3291463960568204,-1.2299327587053903,12.03420692734431
2024-11-18,-1.2725153094131056,0.39101598241076657,0.20065381016216013,-3.531262239920057
2024-11-19,0.35777914767547286,0.39557737052673714,0.0,4.823985690066033
2024-11-20,0.20548339128660392,0.002197042611731634,0.5030970363728053,4.835319671655368
2024-11-21,-0.31975111511753634,0.5326235305174983,-0.5936650332479922,-1.704419750193919
2024-11-22,-0.5382768649208222,0.34619792004100736,0.14874699589817325,-10.161334629937672
2024-11-25,1.3874267471384432,0.3015882072251307,-0.3430979251743344,-4.290202154420945
2024-11-26,-0.2152525738695352,0.5705736188806684,-0.7224007205927035,-3.4846731330168184
2024-11-27,-0.6991288231937042,-0.3808539615374875,-1.314943338494421,0.0
2024-11-29,-0.32085558279416604,0.5592178893918033,-0.8974632283135109,-4.27446454120151
2024-12-02,0.03106434125199339,0.24454606033056034,-0.10690186091891511,-1.2663111484629779
2024-12-03,1.3816782006180783,0.04513504631047032,0.0,-0.30030052597695456
2024-12-04,1.5501705056856818,0.6033123750502108,0.6729096979423514,1.1215070820140003
2024-12-05,0.6494845879731254,-0.18714648272306858,-0.3458830107878567,0.6669161436280822
2024-12-06,-0.6048739169503606,0.24923196558419955,-0.033321115899258055,-5.854959743968099
2024-12-09,-0.09913079048746544,-0.6163180212196304,0.7702049893187757,10.543882112750339
2024-12-10,0.10911211678036076,-0.29682940713745676,0.501419537069232,-0.07049700679698212
2024-12-11,-0.04501274378629013,0.8132661932885082,0.3285154071461682,-4.32343989734313
2024-12-12,1.2428238337906896,-0.5428741091956448,0.11144984272233427,2.472853277572343
2024-12-13,-0.5685395266215597,-0.0026441167577320023,0.6661031616216818,-0.793368748507282
2024-12-16,-0.18397163796583582,0.37921163249597684,0.3313950854455454,6.177402276458522
2024-12-17,0.09711796956633212,-0.38714440227630087,-0.4355888953407784,7.7263544352531826
2024-12-18,-1.048094358262568,-2.993655450898765,0.8563695776875211,55.41096134428284
2024-12-19,-1.6850261260669641,-0.08654734577528359,1.6846953870910744,-13.674333135436612
2024-12-20,1.1049445375036373,1.0810476252410672,-0.6500150340387534,-27.162243143443565
2024-12-23,0.23192430033947964,0.726089547546254,0.47836300041087554,-8.998668415328416
2024-12-24,0.4332478139805189,1.0982197273831982,0.012725074776999211,-16.20282695503151
2024-12-26,-0.2065879599997501,-0.0405708741467618,0.5203387588937841,3.1726798985793883
2024-12-27,1.3777627646332373,-1.1117304675596371,-0.11398899340779368,7.957259875631453
2024-12-30,1.6341536479712273,-1.0759690191101294,-0.6292726946555507,8.70113769896297
2025-01-06,-0.9476944327524292,1.15197632884604,0.4897761277445444,-8.138460378211487
2025-01-07,-0.9079931583715459,-1.116600476981219,0.2661429870808622,10.523581960429485
2025-01-08,0.7424806068039316,0.1559107735282887,0.2086165690061557,-0.6756782462879873
2025-01-10,-0.82868815142309,-1.5531644353894207,-0.4176692567153228,9.889900703485328
2025-01-14,-1.372938301583743,0.27198076740687804,0.1710756000953275,-4.340550632863838
2025-01-15,-0.7444790167922665,1.8147132985426713,-0.9477538104482826,-14.899740320751597
2025-01-16,0.028507147508138087,-0.2114871763466578,-0.8665287379569526,2.934195828401537
2025-01-17,-0.7217591341058339,0.994142593572411,0.7578226493034637,-3.8690733135576485
2025-01-21,1.828063434627418,0.8729996752231289,-0.5131505808142132,-5.866973985517355
2025-01-22,0.4882665117075212,0.6119200577442709,0.6601953280842774,0.26525214491311233
2025-01-23,1.1491022450282653,0.5299445097723888,-0.3071216183343028,-0.5312097484889942
2025-01-24,0.6270917645292031,-0.2859260782896483,-0.04486748144365622,-1.138278108728007
2025-01-27,0.16773039077299354,-1.4687984883634317,-0.9598424578393491,18.680084759800057
2025-01-28,-1.8301541805144796,0.9175576254675617,0.6644971388170715,-8.690980774470972
2025-01-29,-0.3208694030460516,-0.4689853570094891,-0.2059732963010727,0.9099243855114089
2025-01-30,0.07394054422914008,0.5261570722435618,-0.5815848380003088,-4.44517625708338
2025-01-31,0.6884903858456272,-0.5059581291425466,0.5686974096688052,3.6570545662896867
2025-02-03,-1.6348452132342337,-0.7637696973119062,-0.2774821901097736,12.512733979974437
2025-02-04,0.3743050892106233,0.7198897488332479,-0.2717744651965302,-7.8745661625473
2025-02-05,-0.2548110877472028,0.3901037729088691,-1.127304806238358,-8.738120924850113
2025-02-06,-0.00418180379216251,0.3637700027498819,-0.7630611949289182,-1.7269377049746064
2025-02-07,-0.1792892441705096,-0.9509913482107745,-0.026416589771892568,6.494166567034436
2025-02-10,-0.4414764602756875,0.6690160848149636,0.3889388205021405,-4.513903837416451
2025-02-12,0.8041388832338108,-0.238810320444856,1.5796673124402891,0.5047329327244023
2025-02-13,0.450670468994261,1.037237745962235,-1.0546972768149991,-5.099523672774605
2025-02-14,0.4927230157941231,-0.007195597605653459,-0.30152094160131465,-2.2096647277590167
2025-02-18,-0.5883953366183594,0.24419717448794742,-0.1839806025236073,3.8517377489917717
2025-02-19,0.10872420258251508,0.23741775065794563,-0.3821828584439735,-0.5225354802665119
2025-02-20,-0.7360836821760011,-0.4343623971148685,-1.2222005343606073,2.52195713321161
2025-02-21,-1.0839444894395482,-1.7211373991262082,-0.22748571298292614,15.086120317685959
2025-02-25,-0.4250635344799335,-0.9672228193250565,-0.18101979399172494,6.484736964983203
2025-02-26,-0.5646565121126902,0.01360051919139706,0.04025494854762256,-1.7129928336764428
2025-02-27,0.2812497313377816,-1.5991702852089027,0.481799647206142,10.100549657538105
2025-02-28,-1.0449661926439096,1.5729750431897123,0.5326244282673942,-7.363482333959559
2025-03-03,-0.6253549881992229,-1.7753439375493378,-0.7330922535052079,14.882394973066651
2025-03-04,-0.2275198783823193,-1.231023460336647,0.20046782523781623,3.154290453294199
2025-03-05,-0.4975320018052082,1.1097475685101248,-0.616045874912386,-6.957030012218139
2025-03-06,0.82455708585049,-1.7979700568310077,-0.626623348777672,12.580669538551655
2025-03-07,-1.2201358397383595,0.5505404600509013,0.054057707918208554,-6.220910926454676
2025-03-10,-0.6086234012651768,-2.7343518375984406,-0.5215223984830086,17.573881980089297
2025-03-11,-1.0555727281967566,-0.7596604935651537,0.34572789749718064,-3.432246357513255
2025-03-12,0.48735247106636864,0.48749712752344254,0.32430269622922736,-10.527796994809279
2025-03-13,0.8627343688122227,-1.398840522535291,-0.2972372653853388,1.759096290776395
2025-03-14,-1.2888499261252147,2.1042919881408304,0.5465047505341902,-12.464962248974215
2025-03-17,2.287550527390737,0.639560393434752,0.3961996923007038,-5.962030316216668
2025-03-18,1.1012506013287733,-1.071067425391002,0.03350420509110368,5.639968846212461
2025-03-19,-0.07708568939103702,1.0740629118978857,-0.3893406274189913,-8.659252881596725
2025-03-21,-0.5831546225162739,-0.1362973361485943,0.4228336109521105,-3.165144254804697
2025-03-24,0.5892063339963017,1.7492157944606668,0.9200064891490398,-9.801091895501015
2025-03-25,0.2941363688429188,0.15730819184730235,-0.5256341321510974,-1.905919661544056
2025-03-26,0.4036565656400617,-1.121969145510828,0.45260993134242894,6.65408882396647
2025-03-27,-0.938611102006255,-0.33124371066493624,0.31164034107046473,1.9449559615857877
2025-03-28,-1.0468728984910434,-1.9934580336265846,-0.8243083303390525,14.701683298102719
2025-03-31,-2.4862217994657003,0.5523212456950013,0.09340806657274836,2.868396061058456
2025-04-01,-1.3231710625655364,0.3774153162235665,-0.22699969688770713,-2.315653981262728
2025-04-02,-0.5861501179152603,0.670559233942083,-0.24761598731838524,-1.2014931966817286
2025-04-03,-2.004087545168425,-4.960587756339505,-2.1538252160993423,33.33458829256771
2025-04-04,-2.1256719747787765,-6.160907367588021,0.5734586987868017,41.166393247373094
2025-04-07,-3.4088575022538627,-0.2334179209083819,0.637852471354231,3.6194220551719716
2025-04-08,-4.3958073942631986,-1.58250871968123,-1.0608014612193544,10.784784115334974
2025-04-09,2.4904513710180725,9.089490164871481,0.9795996703181887,-44.2448692403647
2025-04-10,-0.6415398676153969,-3.522058784511797,-2.2385163072118317,19.15982442617978
2025-04-11,4.920200110724206,1.7930369252113485,-0.6528707729403764,-8.077971790220507
2025-04-14,0.1622187830807712,0.7913254093151065,-0.369995884413476,-19.550714740957183
2025-04-15,1.0025337283360298,-0.17292137684181355,0.1746969453068089,-2.5243103998797474
2025-04-16,-0.28918880723561413,-2.266331270099636,-0.9893081915923103,8.034912716421337
2025-04-17,-0.7702916430406855,0.13259586728286152,0.4151573355485699,-9.607640465217187
2025-04-21,1.660945954786994,-2.3849649226388614,-1.1014726908954806,13.159021802669985
2025-04-22,-1.2963835181278205,2.48070343139808,0.5240062974497892,-10.103320756769111
2025-04-23,1.964647038122688,1.652384547479458,1.3050985130494266,-7.187097533040319
2025-04-24,1.162529968197336,2.005659908960853,-0.5732677892042817,-7.213614433332999
2025-04-25,0.5467667163321391,0.7346095426564498,0.7473928549648341,-6.355675917373181
2025-04-28,1.612161648313417,0.06404944691347733,-1.1830315428057547,1.2402639480470252
2025-04-30,-0.04427776694347801,0.7264528276190173,0.743654332132097,-1.8054652911816707
2025-05-01,0.6935054336365047,0.6279331841725186,1.6429609450926062,-0.4056800695614318
2025-05-02,1.2069028451266954,1.4619229243407843,-0.33747750615043104,-8.126296407876588
2025-05-07,0.7264357135637309,-0.9788069787418033,-0.7826337693316442,3.764234160287544
2025-05-08,-0.10920867640438572,0.5782993340666134,1.4496008651673231,-4.649979543693641
2025-05-09,1.264748963377905,-0.07117720863733933,-0.38451022381052885,-2.6139388203035243
2025-05-12,0.9721807320637553,3.204001430944951,2.1102137601485,-17.467959820622536
2025-05-13,1.1925494554255407,0.7222082173714943,-0.6622988323457198,-0.9287146784417597
2025-05-14,0.12966847556978958,0.1023844804624757,-0.4893973878862446,2.171638001710881
2025-05-15,-0.96453015698137,0.4123800988772676,-0.7454810026224933,-4.335383997387213
2025-05-16,-0.2216961956660794,0.6980898743962978,-0.02746309663673376,-3.3650166639502004
2025-05-19,-0.46791854038112435,0.08756935229845948,-0.5301399727308926,5.0887179451443565
2025-05-20,0.40172196062898724,-0.38877541185178555,-0.24190494569410792,-0.2760145279786777
2025-05-21,-0.35438453048674157,-1.6266702451148567,-0.5760104756349487,14.295342168190558
2025-05-22,-1.7666642532039274,-0.0444953295802523,0.22941370554016358,-2.8677542366127002
2025-05-23,0.6204331932851415,-0.6730909417987258,-1.0049634443421658,9.450296867479508
2025-05-27,0.9684201475964792,2.0252543913120986,1.2269237213602524,-16.180665057090167
2025-05-28,1.511358850743905,-0.5586762811582561,0.34582964332930033,1.829159961354713
2025-05-29,-0.125607830150665,0.4003150916717184,-0.4359415961916393,-0.675502698513084
2025-05-30,-0.35408398244032036,-0.00811917597576244,-0.09713453896317809,-3.2320694090677753
2025-06-02,-0.6916314193180623,0.40936514501346477,-0.9345210629517587,-1.1372990172270023
2025-06-03,-0.14051924790349746,0.5783504036174,0.8998072777591972,-3.717487702065039
2025-06-04,0.23470831045966492,0.007369455953249158,-0.8717842987331612,-0.45325856635792605
2025-06-05,-0.2557753059770543,-0.529131528056298,0.5518507945113508,4.822214370542348
2025-06-06,0.00013301263102134388,1.0228186115699975,0.9153381986487201,-9.709749037842066
2025-06-09,1.1591638027507079,0.091952191342838,-0.17963249268594098,2.2989518224698777
2025-06-10,0.653835902355073,0.5467983326654945,0.17272951404792036,-1.2313260233357013
2025-06-11,0.3987267838961104,-0.27476895336661,-0.21422903048249634,1.8123851828822848
2025-06-12,-0.27664293661636336,0.3815210759964134,-0.7290433262679344,4.309056652490976
2025-06-13,-0.5092667907034932,-1.1360743305409216,0.4172467805800482,14.4431811006631
2025-06-16,-0.19265732142888436,0.9348881754855184,0.4431526432505388,-8.570230493464114
2025-06-17,0.8108017432691383,-0.8387318295762367,0.3723885415001504,12.248155643793773
2025-06-18,-0.006568414996897546,-0.030927171772794648,-0.11019284861566439,-6.998542739970313
2025-06-20,0.28135117531386483,-0.21809894398640384,0.6730332389827345,2.3553591298397683
2025-06-23,-0.5514203836457515,0.9560641855696288,0.04105933130975609,-3.906553605710941
2025-06-24,1.3460506320615495,1.1060286796932295,-0.8451044835326204,-12.613857230431513
2025-06-25,0.32181951934908926,-0.00032829024797798923,0.2274372943597086,-4.20622751734524
2025-06-26,0.4307981186080161,0.7988153499777193,-0.6007268194894481,-1.0194990851583932
2025-06-27,2.0123179460685434,0.5205430912106668,0.193731465837121,-1.6408754666392098
2025-06-30,1.7022401981342867,0.5151077553744315,-0.4364247860824321,2.4812165462771674
2025-07-01,-0.5195864946013901,-0.11190878184368852,-0.4174209483796979,0.5959493203981908
2025-07-02,-1.7743467691357386,0.4733849037257288,0.17413719442378608,-1.1353572809652013
2025-07-03,0.41693208095998746,0.8304350113372305,0.8592665993309693,-1.574835696813928
2025-07-07,-0.16897556541264405,-0.789334941723412,0.769816159932505,8.257542325282033
2025-07-08,-0.4730326589879862,-0.0716149522799676,0.3554101205459151,-5.666255425721957
2025-07-09,1.0083262267445556,0.6043843334676842,-0.17071259565990574,-5.31422740584552
2025-07-10,-0.3688308019168736,0.27424098720043455,-0.041014423980510785,-1.0088357944340767
2025-07-11,0.22788009553657854,-0.33029779929135955,0.7899795918337534,3.8538019412424482
2025-07-14,-1.1864561345111928,0.14064149836943984,0.19652362913657584,4.762804898925466
2025-07-15,0.2780019963301847,-0.39640981809521275,0.7889720281486904,1.0410736017838509
2025-07-16,0.5271485778502055,0.31884998062567843,-0.6739478265564196,-1.2739025777429713
2025-07-17,-0.6127241840285874,0.5359433132147322,0.4991578660892151,-3.800932596698428
2025-07-18,1.4588942308731376,-0.009051821685285016,0.14120022517441305,-0.6680862990832491
2025-07-22,-0.519810390257179,0.20354731330677328,-1.4824111449617836,0.5469475804535476
2025-07-23,0.8108340580702561,0.7781526146711811,-0.08869180182278928,-7.094282335603043
2025-07-24,3.5895141731596074,0.0697989222081707,0.3406926162653124,0.1300390300283555
2025-07-25,0.24598854676069984,0.3966444948063231,0.4479442809807766,-3.0345336299688954
2025-07-28,-0.5876105105035098,0.017686081491285848,0.5941547422934277,0.6675592213784032
2025-07-29,-1.818490900775248,-0.29638056808081925,-0.06060402192158043,6.12897365732456
2025-07-30,-0.05702207060703826,-0.12502200507663752,0.7047718536435379,-3.1789072176547513
2025-07-31,-0.12655100634112043,-0.37016989606789813,0.8325888173098314,7.70567394949745
2025-08-01,0.8243519376268685,-1.6121328046944452,-2.267488306008142,19.79484201380232
2025-08-04,-2.245430522393332,1.4629536175939908,-0.19696410076015688,-15.121094228633334
2025-08-05,0.9975056609847757,-0.48697037352752537,0.35290162176539386,1.8660422717402827
2025-08-06,-0.22368969689483845,0.7255503683515385,-0.16272293237338825,-6.241193239053072
2025-08-07,0.5862753102180641,-0.0797788937281747,-0.16298815153160576,-1.1997744396645942
2025-08-08,1.5021534559595722,0.7769424248422339,0.40697336236611914,-8.959329948309339
2025-08-12,1.9540085964422211,0.8774357610365416,0.07443245598572956,-2.8114301480839274
2025-08-13,2.3304235089765273,0.3224824941586424,-0.30484730447076314,-1.642747414194793
2025-08-14,0.08877281968333922,0.030305092105848266,0.2507201042317966,2.319339981724966
2025-08-15,-0.6111962480336446,-0.29013035955741406,-0.3797129596208685,1.7380116629916793
2025-08-18,1.3589757157110518,-0.010078339718365876,0.4608927773655261,-0.6648960665251167
2025-08-19,0.9018445546602727,-0.5875362532781213,-0.13533633138890902,3.7962673731400534
2025-08-20,-1.0221390049962062,-0.2434578762704586,-0.23728020352791038,0.7677580899034112
2025-08-21,-1.432774377953818,-0.40122410562429417,0.7101582042116895,5.637912861755647
2025-08-22,-0.3593130772471271,1.5072248733123568,-0.9684157896453511,-15.475327098740271
2025-08-25,0.811759746971599,-0.4275461080076716,0.5699954361554972,3.9301852347613457
2025-08-26,-0.8355722118419373,0.41254554739158683,-0.2574527167294415,-1.1560822401075972
2025-08-27,-0.33743197803507097,0.23881364585491513,0.0,1.5609410927076104
2025-08-28,-0.3961826855761892,0.3151753401949776,-0.3261537171331768,-2.869049246292908
2025-08-29,1.0957718632905558,-0.6418725150929159,0.08163821121491567,6.245735493374667
2025-09-02,-1.1158882191020756,-0.6946392429262097,0.8734271308407874,11.139694718985812
2025-09-03,-0.5071273881263805,0.5087154738688097,-0.1619215034658941,-4.8935777566121805
2025-09-04,0.019102069734065013,0.8311798740472436,0.26298946342171914,-6.6375068944872675
2025-09-05,2.09175373960017,-0.3170160654550948,-0.7299795848783397,-0.7874056430905996
2025-09-08,1.0819854233952526,0.21037794861457856,0.07459397490970698,-0.46219956828356773
2025-09-09,1.0450809655630227,0.2684552987744058,-0.06781040471410484,-0.4643457762954407
2025-09-10,-0.9022865993040567,0.29790012563325724,0.03391095017067405,2.0402155511512325
2025-09-11,0.83090665895689,0.8450060989231583,-0.18325589680736928,-4.258793941985998
2025-09-12,2.090930975515907,-0.04828512001105187,0.3187848190906741,0.3393284558980308
2025-09-16,0.3243379185743057,0.3406858700939827,-0.7954626028560445,10.291851200227448
2025-09-17,-0.43926154141448503,-0.09706893488903998,0.3339128796774309,-3.990554417354046
2025-09-18,0.35390592215315675,0.47777085223636995,0.6847716510218603,-0.1273074646798208
2025-09-19,1.5987787198460317,0.48735385623532707,-0.020272324967223428,-1.6051709010507902
2025-09-22,-0.9700162133903468,0.4400330199851501,-0.16909605300804553,4.121026864666289
2025-09-24,0.6410384400579402,-0.8368061359915894,0.8023506617751283,0.4956639639928196
2025-09-25,0.25396217262071114,-0.5021648905465265,0.5958974481005378,3.402515343098364
2025-09-26,0.07481838040047717,0.5884492261081979,-0.19377908572827846,-9.060204512035828
